doc_id,party_a,party_b,effective_date,amount,governing_law,obligation,text
contract_01,Northstar Analytics Ltd.,Blue Harbor Retail LLC,"January 15, 2026","$48,000",California,deliver a monthly sales forecasting report by the fifth business day of each month,"SERVICE AGREEMENT

PARTIES
This Service Agreement is entered into between Northstar Analytics Ltd. (""Provider"") and Blue Harbor Retail LLC (""Client"").

EFFECTIVE DATE
This Agreement becomes effective on January 15, 2026.

PAYMENT
The Client shall pay the Provider a total service fee of $48,000. Payment will be made according to the invoice schedule agreed by both parties.

OBLIGATIONS
The Provider shall deliver a monthly sales forecasting report by the fifth business day of each month. The Client shall provide timely access to information reasonably required for delivery.

CONFIDENTIALITY
Each party shall protect confidential information received under this Agreement and shall use it only for the contracted services.

GOVERNING LAW
This Agreement is governed by the laws of the State of California.

SIGNATURES
Authorized representatives of both parties acknowledge and accept these terms."
contract_02,Cedar Peak Systems Inc.,Orion Health Devices Ltd.,"February 2, 2026","$72,500",New York,maintain the secure document portal and provide incident support within four hours,"SERVICE AGREEMENT

PARTIES
This Service Agreement is entered into between Cedar Peak Systems Inc. (""Provider"") and Orion Health Devices Ltd. (""Client"").

EFFECTIVE DATE
This Agreement becomes effective on February 2, 2026.

PAYMENT
The Client shall pay the Provider a total service fee of $72,500. Payment will be made according to the invoice schedule agreed by both parties.

OBLIGATIONS
The Provider shall maintain the secure document portal and provide incident support within four hours. The Client shall provide timely access to information reasonably required for delivery.

CONFIDENTIALITY
Each party shall protect confidential information received under this Agreement and shall use it only for the contracted services.

GOVERNING LAW
This Agreement is governed by the laws of the State of New York.

SIGNATURES
Authorized representatives of both parties acknowledge and accept these terms."
contract_03,Lumina Research Partners,Vertex Learning Group,"March 10, 2026","$35,750",Texas,prepare two data quality assessments and one final validation report,"SERVICE AGREEMENT

PARTIES
This Service Agreement is entered into between Lumina Research Partners (""Provider"") and Vertex Learning Group (""Client"").

EFFECTIVE DATE
This Agreement becomes effective on March 10, 2026.

PAYMENT
The Client shall pay the Provider a total service fee of $35,750. Payment will be made according to the invoice schedule agreed by both parties.

OBLIGATIONS
The Provider shall prepare two data quality assessments and one final validation report. The Client shall provide timely access to information reasonably required for delivery.

CONFIDENTIALITY
Each party shall protect confidential information received under this Agreement and shall use it only for the contracted services.

GOVERNING LAW
This Agreement is governed by the laws of the State of Texas.

SIGNATURES
Authorized representatives of both parties acknowledge and accept these terms."
contract_04,Harborline Consulting LLC,Meadowbrook Foods Inc.,"April 1, 2026","$61,200",Illinois,conduct quarterly compliance reviews and document corrective actions,"SERVICE AGREEMENT

PARTIES
This Service Agreement is entered into between Harborline Consulting LLC (""Provider"") and Meadowbrook Foods Inc. (""Client"").

EFFECTIVE DATE
This Agreement becomes effective on April 1, 2026.

PAYMENT
The Client shall pay the Provider a total service fee of $61,200. Payment will be made according to the invoice schedule agreed by both parties.

OBLIGATIONS
The Provider shall conduct quarterly compliance reviews and document corrective actions. The Client shall provide timely access to information reasonably required for delivery.

CONFIDENTIALITY
Each party shall protect confidential information received under this Agreement and shall use it only for the contracted services.

GOVERNING LAW
This Agreement is governed by the laws of the State of Illinois.

SIGNATURES
Authorized representatives of both parties acknowledge and accept these terms."
contract_05,Apex Robotics Studio,Greenfield Logistics Co.,"May 18, 2026","$89,900",Washington,prototype the warehouse inspection workflow and train designated operators,"SERVICE AGREEMENT

PARTIES
This Service Agreement is entered into between Apex Robotics Studio (""Provider"") and Greenfield Logistics Co. (""Client"").

EFFECTIVE DATE
This Agreement becomes effective on May 18, 2026.

PAYMENT
The Client shall pay the Provider a total service fee of $89,900. Payment will be made according to the invoice schedule agreed by both parties.

OBLIGATIONS
The Provider shall prototype the warehouse inspection workflow and train designated operators. The Client shall provide timely access to information reasonably required for delivery.

CONFIDENTIALITY
Each party shall protect confidential information received under this Agreement and shall use it only for the contracted services.

GOVERNING LAW
This Agreement is governed by the laws of the State of Washington.

SIGNATURES
Authorized representatives of both parties acknowledge and accept these terms."
contract_06,Silver Pine Data Works,Redwood Legal Services LLP,"June 7, 2026","$42,300",Massachusetts,classify incoming case documents and provide a weekly exception report,"SERVICE AGREEMENT

PARTIES
This Service Agreement is entered into between Silver Pine Data Works (""Provider"") and Redwood Legal Services LLP (""Client"").

EFFECTIVE DATE
This Agreement becomes effective on June 7, 2026.

PAYMENT
The Client shall pay the Provider a total service fee of $42,300. Payment will be made according to the invoice schedule agreed by both parties.

OBLIGATIONS
The Provider shall classify incoming case documents and provide a weekly exception report. The Client shall provide timely access to information reasonably required for delivery.

CONFIDENTIALITY
Each party shall protect confidential information received under this Agreement and shall use it only for the contracted services.

GOVERNING LAW
This Agreement is governed by the laws of the State of Massachusetts.

SIGNATURES
Authorized representatives of both parties acknowledge and accept these terms."
contract_07,Brightforge AI Labs,Summit Energy Solutions,"July 21, 2026","$105,000",Colorado,build a demand anomaly detection service and deliver model monitoring documentation,"SERVICE AGREEMENT

PARTIES
This Service Agreement is entered into between Brightforge AI Labs (""Provider"") and Summit Energy Solutions (""Client"").

EFFECTIVE DATE
This Agreement becomes effective on July 21, 2026.

PAYMENT
The Client shall pay the Provider a total service fee of $105,000. Payment will be made according to the invoice schedule agreed by both parties.

OBLIGATIONS
The Provider shall build a demand anomaly detection service and deliver model monitoring documentation. The Client shall provide timely access to information reasonably required for delivery.

CONFIDENTIALITY
Each party shall protect confidential information received under this Agreement and shall use it only for the contracted services.

GOVERNING LAW
This Agreement is governed by the laws of the State of Colorado.

SIGNATURES
Authorized representatives of both parties acknowledge and accept these terms."
contract_08,Atlas Document Systems,Crescent Finance Group,"August 4, 2026","$57,650",Delaware,digitize archived agreements and return searchable text with quality flags,"SERVICE AGREEMENT

PARTIES
This Service Agreement is entered into between Atlas Document Systems (""Provider"") and Crescent Finance Group (""Client"").

EFFECTIVE DATE
This Agreement becomes effective on August 4, 2026.

PAYMENT
The Client shall pay the Provider a total service fee of $57,650. Payment will be made according to the invoice schedule agreed by both parties.

OBLIGATIONS
The Provider shall digitize archived agreements and return searchable text with quality flags. The Client shall provide timely access to information reasonably required for delivery.

CONFIDENTIALITY
Each party shall protect confidential information received under this Agreement and shall use it only for the contracted services.

GOVERNING LAW
This Agreement is governed by the laws of the State of Delaware.

SIGNATURES
Authorized representatives of both parties acknowledge and accept these terms."
